{
    "pools": [
      {
        "rolls": 1,
        "entries": [
          {
            "type": "item",
            "weight": 1,
            "name": "minecraft:bone",
            "functions": [
              {
                "function": "set_count",
                "count": {
                  "min": 3,
                  "max": 12
                }
              }
            ]
          }
        ]
      },
      {
        "rolls": 1,
        "entries": [
          {
            "type": "item",
            "weight": 1,
            "name": "minecraft:arrow",
            "functions": [
              {
                "function": "set_count",
                "count": {
                  "min": 1,
                  "max": 9
                }
              }
            ]
          }
        ]
      },
      {
        "rolls": 1,
        "entries": [
          {
            "type": "item",
            "weight": 19,
            "name": "minecraft:air",
            "functions": [
              {
                "function": "set_count",
                "count": 1
              }
            ]
          },
          {
            "type": "item",
            "weight": 1,
            "name": "minecraft:bow",
            "functions": [
              {
                "function": "set_count",
                "count": 1
              },
              {
                "function": "set_nbt",
                "tag": "{Enchantments:[{id:\"minecraft:power\",lvl:5s},{id:\"minecraft:infinity\",lvl:1s},{id:\"minecraft:mending\",lvl:1s}]}"
              },
              {
                "function": "set_damage",
                "damage": {
                  "min": 0.3,
                  "max": 0.5
                }
              }
            ]
          }
        ]
      }
    ]
  }