{
    "pools": [
      {
        "rolls": 1,
        "entries": [
          {
            "type": "item",
            "weight": 1,
            "name": "minecraft:bone_block",
            "functions": [
              {
                "function": "set_count",
                "count": {
                  "min": 3,
                  "max": 9
                }
              }
            ]
          }
        ]
      },
      {
        "rolls": 1,
        "entries": [
          {
            "type": "item",
            "weight": 1,
            "name": "minecraft:cobweb",
            "functions": [
              {
                "function": "set_count",
                "count": {
                  "min": 3,
                  "max": 4
                }
              }
            ]
          }
        ]
      }
    ]
  }