{
    "pools": [
      {
        "rolls": 1,
        "entries": [
          {
            "type": "item",
            "weight": 1,
            "name": "minecraft:bow",
            "functions": [
              {
                "function": "set_count",
                "count": 1
              }
            ]
          },
          {
            "type": "item",
            "weight": 1,
            "name": "minecraft:bone",
            "functions": [
              {
                "function": "set_count",
                "count": 1
              }
            ]
          }
        ]
      },
      {
        "rolls": 6,
        "entries": [
          {
            "type": "item",
            "weight": 2,
            "name": "minecraft:bone",
            "functions": [
              {
                "function": "set_count",
                "count": {
                  "min": 1,
                  "max": 4
                }
              }
            ]
          },
          {
            "type": "item",
            "weight": 1,
            "name": "minecraft:bone_block",
            "functions": [
              {
                "function": "set_count",
                "count": {
                  "min": 1,
                  "max": 2
                }
              }
            ]
          }
        ]
      }
    ]
  }