{
    "pools": [
      {
        "rolls": {
          "min": 1,
          "max": 9
        },
        "entries": [
          {
            "type": "item",
            "weight": 1,
            "name": "minecraft:coal",
            "functions": [
              {
                "function": "set_count",
                "count": 1
              }
            ]
          },
          {
            "type": "item",
            "weight": 1,
            "name": "minecraft:tnt",
            "functions": [
              {
                "function": "set_count",
                "count": 1
              }
            ]
          }
        ]
      }
    ]
  }