{
  "pools": [
    {
      "rolls": 3,
      "entries": [
        {
          "type": "item",
          "weight": 2,
          "name": "minecraft:flint",
          "functions": [
            {
              "function": "set_count",
              "count": 1
            }
          ]
        },
        {
          "type": "item",
          "weight": 2,
          "name": "minecraft:bone_meal",
          "functions": [
            {
              "function": "set_count",
              "count": 1
            }
          ]
        },
        {
          "type": "item",
          "weight": 1,
          "name": "minecraft:copper_ingot",
          "functions": [
            {
              "function": "set_count",
              "count": 1
            }
          ]
        }
      ]
    }
  ]
}